{"cameraMode":{"drawMode":0,"name":"Shaded","section":"Shading Mode"},"sceneLighting":true,"audioPlay":false,"sceneViewState":{"m_AlwaysRefresh":false,"showFog":true,"showSkybox":true,"showFlares":true,"showImageEffects":true,"showParticleSystems":true,"showVisualEffectGraphs":true,"m_FxEnabled":true},"in2DMode":false,"pivot":{"x":-11.506725311279297,"y":0.8645634055137634,"z":-6.502618789672852},"rotation":{"x":0.1513352245092392,"y":0.11684171855449677,"z":-0.018016718327999116,"w":0.9813885688781738},"size":1.3445273637771607,"orthographic":false}