{"cameraMode":{"drawMode":0,"name":"Shaded","section":"Shading Mode"},"sceneLighting":true,"audioPlay":false,"sceneViewState":{"m_AlwaysRefresh":false,"showFog":true,"showSkybox":true,"showFlares":true,"showImageEffects":true,"showParticleSystems":true,"showVisualEffectGraphs":true,"m_FxEnabled":true},"in2DMode":false,"pivot":{"x":-236.60244750976563,"y":332.85540771484377,"z":-306.1321105957031},"rotation":{"x":0.1513352245092392,"y":0.11684171855449677,"z":-0.018016718327999116,"w":0.9813885688781738},"size":10.01353645324707,"orthographic":false}